path,bytes,sha256,source_url,r2_key
publications/1977_Counter-colonial_Land_Policy_for_Montana.pdf,59509,2d4ab22ee3c3e93bb31277827bb6d4da41bc4d4dc6773f15fd3ed641fa41447c,https://masongaffney.org/publications/1977_Counter-colonial_Land_Policy_for_Montana.pdf,gaffney/publications/1977_Counter-colonial_Land_Policy_for_Montana.pdf
publications/2006_New_Life_in_Old_Cities.pdf,205555,53f3335224d67b52abd4b1c94665657bd9c73f67dc7b27f6d6a3c7ff8f978b7d,https://masongaffney.org/publications/2006_New_Life_in_Old_Cities.pdf,gaffney/publications/2006_New_Life_in_Old_Cities.pdf
publications/A1-1957_Financial_Maturity_of_Timber_final_unrepaginated.pdf,922867,b29dc9fef50037121ae2504f27d35fa95fb208206f47746cf026a0c707d2c60c,https://masongaffney.org/publications/A1-1957_Financial_Maturity_of_Timber_final_unrepaginated.pdf,gaffney/publications/A1-1957_Financial_Maturity_of_Timber_final_unrepaginated.pdf
publications/A3-AlternativeWaysofTaxingForests.CV.pdf,360170,10f8088699c00c92cf00261620e2fd95c0910796e4a72d73ea07cbb6dfc7681f,https://masongaffney.org/publications/A3-AlternativeWaysofTaxingForests.CV.pdf,gaffney/publications/A3-AlternativeWaysofTaxingForests.CV.pdf
publications/A5-1977_Greater_Social_Benefits_from_our_National_Forests.pdf,43897,7777454288845255e123c1a4eae2bee641b42a51f44e117230d2fcd14cc18b3f,https://masongaffney.org/publications/A5-1977_Greater_Social_Benefits_from_our_National_Forests.pdf,gaffney/publications/A5-1977_Greater_Social_Benefits_from_our_National_Forests.pdf
publications/B03_OIL_AND_GAS_ALASKA_1977_PART_II_APPENDICES_A-L.pdf,5664626,2eca643dec8f94ebd603268a03b8fd136feb83d3e6be5a62b2148f54e8d0afd8,https://masongaffney.org/publications/B03_OIL_AND_GAS_ALASKA_1977_PART_II_APPENDICES_A-L.pdf,gaffney/publications/B03_OIL_AND_GAS_ALASKA_1977_PART_II_APPENDICES_A-L.pdf
publications/B03_OIL_AND_GAS_LEASING_POLICY_FOR_ALASKA_1977_Part_I.pdf,546093,7f5a25b488f8b394c37829f92bac94b27971a3b7a037633534cefda1da26db2e,https://masongaffney.org/publications/B03_OIL_AND_GAS_LEASING_POLICY_FOR_ALASKA_1977_Part_I.pdf,gaffney/publications/B03_OIL_AND_GAS_LEASING_POLICY_FOR_ALASKA_1977_Part_I.pdf
publications/B13-Oil&amp;GasUnfinishedTaxReform.CV.pdf,236,9448f8a1159c9b14e3e1b9d8eab1a6ddf88d26e1f888a34cef430c756e4e6e1e,https://masongaffney.org/publications/B13-Oil&amp;GasUnfinishedTaxReform.CV.pdf,gaffney/publications/B13-Oil&amp;GasUnfinishedTaxReform.CV.pdf
publications/B1Extractive_Resources_Conclusion.CV.pdf,1210327,1979ff4b3a525c6e7f50331f130ab9ada4567867cbab3e5bee4cd2c50a350104,https://masongaffney.org/publications/B1Extractive_Resources_Conclusion.CV.pdf,gaffney/publications/B1Extractive_Resources_Conclusion.CV.pdf
publications/B1Extractive_Resources_Intro.CV.pdf,215033,d922d569a1f4f8412f4e408381e2ab7bdb635805c2500049eba5e046b1258ac4,https://masongaffney.org/publications/B1Extractive_Resources_Intro.CV.pdf,gaffney/publications/B1Extractive_Resources_Intro.CV.pdf
publications/B4-ObjectivesofGovernmentPolicyinLeasingMineralLands.CV.pdf,269712,4dc2288a141039d63024f85d163883af74b5333f5ef112c3270921f9cf9458a7,https://masongaffney.org/publications/B4-ObjectivesofGovernmentPolicyinLeasingMineralLands.CV.pdf,gaffney/publications/B4-ObjectivesofGovernmentPolicyinLeasingMineralLands.CV.pdf
publications/B5Soil_Depletion_&amp;_Land_Rent.CV.pdf,397599,af51f1dd540bf42987d74d42c4118d778fa6de38f3552a27e1ff165fcf58505b,https://masongaffney.org/publications/B5Soil_Depletion_&amp;_Land_Rent.CV.pdf,gaffney/publications/B5Soil_Depletion_and_Land_Rent.CV.pdf
publications/C2-LandandRentinWelfareEconomics.CV.pdf,424220,df57f7a4ab7f9b4feff27765e86f1913696e37a9ece7ae00e3c13aa025c7473a,https://masongaffney.org/publications/C2-LandandRentinWelfareEconomics.CV.pdf,gaffney/publications/C2-LandandRentinWelfareEconomics.CV.pdf
publications/C4-UnwieldyTime-DimensionofSpace.CV.pdf,319147,0a724914a02a5f3de7344e9ce4d120b9421485ac5273af055117e117963ebca9,https://masongaffney.org/publications/C4-UnwieldyTime-DimensionofSpace.CV.pdf,gaffney/publications/C4-UnwieldyTime-DimensionofSpace.CV.pdf
publications/C6-Counter-ColonialLandPolicyforMontana.CV.pdf,300973,2dda55be758fa95e89f5c122d0cd1dc695161e973b9a9de2eea9cfaaa8770bc5,https://masongaffney.org/publications/C6-Counter-ColonialLandPolicyforMontana.CV.pdf,gaffney/publications/C6-Counter-ColonialLandPolicyforMontana.CV.pdf
publications/C9Land_Distinctive_Factor.CV.pdf,566149,d05057564372440797f50060599469a62b98d97fc6ecb5b9e8d4150650fcb844,https://masongaffney.org/publications/C9Land_Distinctive_Factor.CV.pdf,gaffney/publications/C9Land_Distinctive_Factor.CV.pdf
publications/D1Rising_Inequality_&amp;_Falling_Prop_Tax_Rates.CV.pdf,236,9448f8a1159c9b14e3e1b9d8eab1a6ddf88d26e1f888a34cef430c756e4e6e1e,https://masongaffney.org/publications/D1Rising_Inequality_&amp;_Falling_Prop_Tax_Rates.CV.pdf,gaffney/publications/D1Rising_Inequality_&amp;_Falling_Prop_Tax_Rates.CV.pdf
publications/D3-BenefitsofFarmPrograms.CV.CV.pdf,447701,fe0aea7c9475dcc0bddced5f8520668721df3b24c6bc919b883d1a036f113239,https://masongaffney.org/publications/D3-BenefitsofFarmPrograms.CV.CV.pdf,gaffney/publications/D3-BenefitsofFarmPrograms.CV.CV.pdf
publications/E10-Land_Planning_and_the_Property_Tax_AIP.pdf,637832,6e243363be116c10127f375f9c753fe1fa5ff3c97547f5ce089a0e3723e7f934,https://masongaffney.org/publications/E10-Land_Planning_and_the_Property_Tax_AIP.pdf,gaffney/publications/E10-Land_Planning_and_the_Property_Tax_AIP.pdf
publications/E11-LandRentTaxation&amp;PublicPolicy-SourcesUrbanLandRent.CV.pdf,236,9448f8a1159c9b14e3e1b9d8eab1a6ddf88d26e1f888a34cef430c756e4e6e1e,https://masongaffney.org/publications/E11-LandRentTaxation&amp;PublicPolicy-SourcesUrbanLandRent.CV.pdf,gaffney/publications/E11-LandRentTaxation&amp;PublicPolicy-SourcesUrbanLandRent.CV.pdf
publications/E12-LandRentTaxation&amp;PublicPolicy-TaxationUrbanLandRent.CV.pdf,236,9448f8a1159c9b14e3e1b9d8eab1a6ddf88d26e1f888a34cef430c756e4e6e1e,https://masongaffney.org/publications/E12-LandRentTaxation&amp;PublicPolicy-TaxationUrbanLandRent.CV.pdf,gaffney/publications/E12-LandRentTaxation&amp;PublicPolicy-TaxationUrbanLandRent.CV.pdf
publications/E13Changes_in_Land_Policy.CV.pdf,365238,7d73669c9ddb2e1cb92c0054ee5b043282a236a500986648187b669fd03a3c62,https://masongaffney.org/publications/E13Changes_in_Land_Policy.CV.pdf,gaffney/publications/E13Changes_in_Land_Policy.CV.pdf
publications/E14Synergistic_City.CV.pdf,491670,d2bec86af85028cc0bdd015f5235fef15eb88f47a3800c365e5169c9abc4fec0,https://masongaffney.org/publications/E14Synergistic_City.CV.pdf,gaffney/publications/E14Synergistic_City.CV.pdf
publications/E15-ReviewHeilbrunRealEstateTaxes&amp;UrbanHousing.CV.pdf,236,9448f8a1159c9b14e3e1b9d8eab1a6ddf88d26e1f888a34cef430c756e4e6e1e,https://masongaffney.org/publications/E15-ReviewHeilbrunRealEstateTaxes&amp;UrbanHousing.CV.pdf,gaffney/publications/E15-ReviewHeilbrunRealEstateTaxes&amp;UrbanHousing.CV.pdf
publications/E1Urban_Expansion_Stop.CV.pdf,479230,8175561e7e9ee3380162af83336df9d4769e165d53c5449d8d1824c3f6fb7170,https://masongaffney.org/publications/E1Urban_Expansion_Stop.CV.pdf,gaffney/publications/E1Urban_Expansion_Stop.CV.pdf
publications/E22-LandasanElementofHousingCosts.CV.pdf,634884,31de2aff830eb679c2113cc4ee2a6dbd5cf29e990cae0f7e2017a1e893f3b9ec,https://masongaffney.org/publications/E22-LandasanElementofHousingCosts.CV.pdf,gaffney/publications/E22-LandasanElementofHousingCosts.CV.pdf
publications/E37Ground_Rent_Urban_Decay_&amp;_Revival.CV.pdf,236,9448f8a1159c9b14e3e1b9d8eab1a6ddf88d26e1f888a34cef430c756e4e6e1e,https://masongaffney.org/publications/E37Ground_Rent_Urban_Decay_&amp;_Revival.CV.pdf,gaffney/publications/E37Ground_Rent_Urban_Decay_&amp;_Revival.CV.pdf
publications/E3Containment_policies.CV.pdf,212577,4cd822e259815dda934ee21b323cd8f2f28023691056cb14ba9885dbb21ae520,https://masongaffney.org/publications/E3Containment_policies.CV.pdf,gaffney/publications/E3Containment_policies.CV.pdf
publications/E4-TaxReformtoReleaseLand.CV.pdf,383852,b83b999930b12dcae786bfb27eeef295d707af95e13d4ef409869ed57c3c8b13,https://masongaffney.org/publications/E4-TaxReformtoReleaseLand.CV.pdf,gaffney/publications/E4-TaxReformtoReleaseLand.CV.pdf
publications/E5-WhenToBuildWhat-LocalServicePricingPolicies.CV.pdf,692827,bcad11682848e5ee6089bce081f4e4e8ded53eb8a31d4bbf6342dd4252627aee,https://masongaffney.org/publications/E5-WhenToBuildWhat-LocalServicePricingPolicies.CV.pdf,gaffney/publications/E5-WhenToBuildWhat-LocalServicePricingPolicies.CV.pdf
publications/E7Prop_taxes_&amp;_Urban_Renewal.CV.pdf,236,9448f8a1159c9b14e3e1b9d8eab1a6ddf88d26e1f888a34cef430c756e4e6e1e,https://masongaffney.org/publications/E7Prop_taxes_&amp;_Urban_Renewal.CV.pdf,gaffney/publications/E7Prop_taxes_&amp;_Urban_Renewal.CV.pdf
publications/E9-TaxToolforMeetingUrbanFiscalCrisis.CV.pdf,89892,4adb40ddf5392a4fbb6ee85d56d7085c6e972551eb6ad1f7519bc21945f6216e,https://masongaffney.org/publications/E9-TaxToolforMeetingUrbanFiscalCrisis.CV.pdf,gaffney/publications/E9-TaxToolforMeetingUrbanFiscalCrisis.CV.pdf
publications/F2QWelfareEconomics_and_Environmental_Quality.CV.pdf,292444,9f57f5914e6e1e7d27c62580fc966517c5ccb2a9566bb8c0fcd95ec5d8a16441,https://masongaffney.org/publications/F2QWelfareEconomics_and_Environmental_Quality.CV.pdf,gaffney/publications/F2QWelfareEconomics_and_Environmental_Quality.CV.pdf
publications/F7Nonpoint_Pollution.CV.pdf,332749,465fafb301c1aa149bad28a39c0cc81d149afb8ead007dd21ec66522a2659a40,https://masongaffney.org/publications/F7Nonpoint_Pollution.CV.pdf,gaffney/publications/F7Nonpoint_Pollution.CV.pdf
publications/F8-NonpointPollution.CV.CV.pdf,372411,d79efb4404f1f3fcce4855f8785198f578fb4825cb5537bbbb60e0e3a5e617ba,https://masongaffney.org/publications/F8-NonpointPollution.CV.CV.pdf,gaffney/publications/F8-NonpointPollution.CV.CV.pdf
publications/G13Partiality_of_Indexing_Capital_Gains-Original.pdf,62612,9e4f717d3b0931e063b8ddb33c1705a50a708f085c364acb68b771c039642484,https://masongaffney.org/publications/G13Partiality_of_Indexing_Capital_Gains-Original.pdf,gaffney/publications/G13Partiality_of_Indexing_Capital_Gains-Original.pdf
publications/G17Property_Tax_Progressive_Tax.CV.pdf,222743,daf59e302e58198f71e243a0a22026572a6c970b5f7eb8baaff0e9ce1c2b8f3b,https://masongaffney.org/publications/G17Property_Tax_Progressive_Tax.CV.pdf,gaffney/publications/G17Property_Tax_Progressive_Tax.CV.pdf
publications/G18What_is_Prop_Tax_Reform.CV.pdf,202943,99c167be33a4593ae77d06022fead16d3c2fdb3907ed6f5cc9f4ce0474cc9b58,https://masongaffney.org/publications/G18What_is_Prop_Tax_Reform.CV.pdf,gaffney/publications/G18What_is_Prop_Tax_Reform.CV.pdf
publications/G19Many_Faces_of_Site_Value_Taxation.CV.pdf,268416,f3dd8d0ec2d3314ede8662157ac443e735ad330f97a726bc225187fa56cafec1,https://masongaffney.org/publications/G19Many_Faces_of_Site_Value_Taxation.CV.pdf,gaffney/publications/G19Many_Faces_of_Site_Value_Taxation.CV.pdf
publications/G1Adequacy_of_land.CV.pdf,635933,b3fdcda040c04db432fbbc10e2118d440c254ff751968a4dccf4619b81a23ce4,https://masongaffney.org/publications/G1Adequacy_of_land.CV.pdf,gaffney/publications/G1Adequacy_of_land.CV.pdf
publications/G20-NatlTaxAssnDiscussantonEnergyTaxes.CV.pdf,283504,f6a1ebff7771c6b5213f91841f52b624b14eb14b62e1da691a79e114a6bd2335,https://masongaffney.org/publications/G20-NatlTaxAssnDiscussantonEnergyTaxes.CV.pdf,gaffney/publications/G20-NatlTaxAssnDiscussantonEnergyTaxes.CV.pdf
publications/G2009-Hidden_Taxable_Capacity_of_Land_2009.pdf,6812697,20eabf4f5dd425eedc800e8f79f4c3f029af93bf1c112ff41cda4a268da7dff4,https://masongaffney.org/publications/G2009-Hidden_Taxable_Capacity_of_Land_2009.pdf,gaffney/publications/G2009-Hidden_Taxable_Capacity_of_Land_2009.pdf
publications/G21-PartialityofIndexingCapitalGains.CV.pdf,56951,08bce953e9e63f599b819eeecd3f54e6b57a27590954dd0d1353c109e0a131ef,https://masongaffney.org/publications/G21-PartialityofIndexingCapitalGains.CV.pdf,gaffney/publications/G21-PartialityofIndexingCapitalGains.CV.pdf
publications/G28-AnAlternativeReform.CV.pdf,405107,deb96334b2521ebe5e85372b6f74b982667975e6bec89a85dd83f3d2245d5ac2,https://masongaffney.org/publications/G28-AnAlternativeReform.CV.pdf,gaffney/publications/G28-AnAlternativeReform.CV.pdf
publications/G29-TaxableCapacityofLand.pdf,88214,1c09913ce26f42f0163e56017cffd0e764ac67ad749c49463edadc73a4165724,https://masongaffney.org/publications/G29-TaxableCapacityofLand.pdf,gaffney/publications/G29-TaxableCapacityofLand.pdf
publications/G2QCoordinating_Tax_Incentives.CV.pdf,989979,74c5cfa29cdc7e0e7f2fa01e09a27479a494d019014795391fd27a2985f2eafb,https://masongaffney.org/publications/G2QCoordinating_Tax_Incentives.CV.pdf,gaffney/publications/G2QCoordinating_Tax_Incentives.CV.pdf
publications/G2QTestimony_before_Sen_Douglas.CV.pdf,193616,235121a5fc9fdfb4edef5478601396c62615dec2f4e9e5f76a2824666a935eb1,https://masongaffney.org/publications/G2QTestimony_before_Sen_Douglas.CV.pdf,gaffney/publications/G2QTestimony_before_Sen_Douglas.CV.pdf
publications/G34QEquity_Premises_and_Case_for_Socializing_Rent.CV.pdf,75089,a9ada630501a5064d53c7e6343fe5c75ed55588ec38f0ec26aedef2eca3ef123,https://masongaffney.org/publications/G34QEquity_Premises_and_Case_for_Socializing_Rent.CV.pdf,gaffney/publications/G34QEquity_Premises_and_Case_for_Socializing_Rent.CV.pdf
publications/G39LandGains.CV.pdf,287013,c20fc5af1df2cf68830dce3c3ee327af82e89f7d3ae635fb2e8023c4c8fe9f20,https://masongaffney.org/publications/G39LandGains.CV.pdf,gaffney/publications/G39LandGains.CV.pdf
publications/G4-AgendaforStrengtheningthePropertyTax1.CV.pdf,242133,70597d867c6e74fd9a201b5c1459e1f71c79c5404e490c2b33ef2b51ea74b943,https://masongaffney.org/publications/G4-AgendaforStrengtheningthePropertyTax1.CV.pdf,gaffney/publications/G4-AgendaforStrengtheningthePropertyTax1.CV.pdf
publications/G44Philosophy_of_Public_Finance.CV.pdf,589244,d1d2008a518fd18bb38b24fd04059df87050a1f2c33617267b9f064668b60820,https://masongaffney.org/publications/G44Philosophy_of_Public_Finance.CV.pdf,gaffney/publications/G44Philosophy_of_Public_Finance.CV.pdf
publications/G45The_Income-Stimulating_Incentives_of_the_Property_Tax.pdf,260889,53d64bd78550eee611183134b4c99aab898a5ddea9ab983b93aaea934a436f60,https://masongaffney.org/publications/G45The_Income-Stimulating_Incentives_of_the_Property_Tax.pdf,gaffney/publications/G45The_Income-Stimulating_Incentives_of_the_Property_Tax.pdf
publications/G4a-PropTax&amp;IntergovReltns.CV.pdf,236,9448f8a1159c9b14e3e1b9d8eab1a6ddf88d26e1f888a34cef430c756e4e6e1e,https://masongaffney.org/publications/G4a-PropTax&amp;IntergovReltns.CV.pdf,gaffney/publications/G4a-PropTax&amp;IntergovReltns.CV.pdf
publications/G60Cannan_hits_the_Mark.CV.pdf,153758,9917251b3c030171ec68a571abb8256154b45ffc2b97c13a2b4d56838689b921,https://masongaffney.org/publications/G60Cannan_hits_the_Mark.CV.pdf,gaffney/publications/G60Cannan_hits_the_Mark.CV.pdf
publications/H18_Water_Giveaway.pdf,59848,8b7a9025a4a8d65693c325109e85b992f067b9ba961e08e2bf1c94a7ec663049,https://masongaffney.org/publications/H18_Water_Giveaway.pdf,gaffney/publications/H18_Water_Giveaway.pdf
publications/H19-HowaWaterMarketMightWork.CV.pdf,54391,3f8d6043582fc62a86b1e1d36c5a3e751c98a72cfc014044c693f416345226c8,https://masongaffney.org/publications/H19-HowaWaterMarketMightWork.CV.pdf,gaffney/publications/H19-HowaWaterMarketMightWork.CV.pdf
publications/H20WhoseWater--Ours.CV.pdf,250600,21edf72d13e5db4892a05eb0e7d023859d9f6e32ae7a401acc027b433f9fcd07,https://masongaffney.org/publications/H20WhoseWater--Ours.CV.pdf,gaffney/publications/H20WhoseWater--Ours.CV.pdf
publications/H20Whose_Water_Ours_Bibliography.pdf,47139,a9333bd7c2e9f88727d7f783a1bf3c1090d01f9ceba131173198779e449e5d2d,https://masongaffney.org/publications/H20Whose_Water_Ours_Bibliography.pdf,gaffney/publications/H20Whose_Water_Ours_Bibliography.pdf
publications/H20Whose_Water_Ours_unabridged_reformatted.pdf,248720,7eed5bed0775fd7ab5c3051ba1b6a03f055eee7a695365b23de57a1a0d7bd088,https://masongaffney.org/publications/H20Whose_Water_Ours_unabridged_reformatted.pdf,gaffney/publications/H20Whose_Water_Ours_unabridged_reformatted.pdf
publications/H21-TaxableSurplusinWaterResources.CV.pdf,160426,51fa428e4821eef3a136d8bc4f12c7682e5e2583b00f278313254234a16efcd5,https://masongaffney.org/publications/H21-TaxableSurplusinWaterResources.CV.pdf,gaffney/publications/H21-TaxableSurplusinWaterResources.CV.pdf
publications/H22-WhatPriceWaterMarketing.CV.pdf,547869,e21dababc7bd18b538eda82d23d4df3862391f987ad39fcd0e7afda068a20ebc,https://masongaffney.org/publications/H22-WhatPriceWaterMarketing.CV.pdf,gaffney/publications/H22-WhatPriceWaterMarketing.CV.pdf
publications/H3-DiseconomiesInherentinWesternWaterLaws21.CV.CV.pdf,1041348,8b58684c2abe286012d64ce832c9e12dae692862a6d8c907c231d362034d6cb9,https://masongaffney.org/publications/H3-DiseconomiesInherentinWesternWaterLaws21.CV.CV.pdf,gaffney/publications/H3-DiseconomiesInherentinWesternWaterLaws21.CV.CV.pdf
publications/H4-WaterLaw&amp;EconomicTransfersReply1.CV.CV.pdf,236,9448f8a1159c9b14e3e1b9d8eab1a6ddf88d26e1f888a34cef430c756e4e6e1e,https://masongaffney.org/publications/H4-WaterLaw&amp;EconomicTransfersReply1.CV.CV.pdf,gaffney/publications/H4-WaterLaw&amp;EconomicTransfersReply1.CV.CV.pdf
publications/H5Comparison_of_Market_Pricing.CV.pdf,547819,8bf7b211fb6a36d38183d434ffa8d3efad35fe9dabc8f7a4f82bc43498a2b0ae,https://masongaffney.org/publications/H5Comparison_of_Market_Pricing.CV.pdf,gaffney/publications/H5Comparison_of_Market_Pricing.CV.pdf
publications/H8-EconomicAspectsofWaterResourcePolicy.CV.pdf,159259,d2a6f96660d8888d4dee98ef485a1d2112d41b8e4dfb7c24ff48769c4bb13511,https://masongaffney.org/publications/H8-EconomicAspectsofWaterResourcePolicy.CV.pdf,gaffney/publications/H8-EconomicAspectsofWaterResourcePolicy.CV.pdf
publications/I11-TaxInducedSlowTurnoverofCapital.CV.CV.pdf,1574718,ae78fa3d87171ec176f7d9544a9801542626f2090163f55321e64a5e25548554,https://masongaffney.org/publications/I11-TaxInducedSlowTurnoverofCapital.CV.CV.pdf,gaffney/publications/I11-TaxInducedSlowTurnoverofCapital.CV.CV.pdf
publications/I16Environmental_Policies_and_Full_Employment.CV.pdf,240510,922bc1751a230fe99d4ea63f2c04a09c5c567f170a4c8d98cab9e255c14d3d7a,https://masongaffney.org/publications/I16Environmental_Policies_and_Full_Employment.CV.pdf,gaffney/publications/I16Environmental_Policies_and_Full_Employment.CV.pdf
publications/I1Full_Employment_Limited_Land_&amp;_Capital.CV.pdf,236,9448f8a1159c9b14e3e1b9d8eab1a6ddf88d26e1f888a34cef430c756e4e6e1e,https://masongaffney.org/publications/I1Full_Employment_Limited_Land_&amp;_Capital.CV.pdf,gaffney/publications/I1Full_Employment_Limited_Land_&amp;_Capital.CV.pdf
publications/I2012Gaffney_Reverberations_AFEE_lecture_2012.pdf,200570,5db128b73c00d7ad679063f7991ef0df52575d074251e898958abb784c4fa5e6,https://masongaffney.org/publications/I2012Gaffney_Reverberations_AFEE_lecture_2012.pdf,gaffney/publications/I2012Gaffney_Reverberations_AFEE_lecture_2012.pdf
publications/I2015-AJES-v74-n2-Real-assets-model.pdf,204852,dc08f531cc7053afa82b42505855462621963ecdc15c012dcbac1feda306fe0d,https://masongaffney.org/publications/I2015-AJES-v74-n2-Real-assets-model.pdf,gaffney/publications/I2015-AJES-v74-n2-Real-assets-model.pdf
publications/I6A-1996_Taxes_Capital_and_Jobs_1978_revised.pdf,127622,00470969fb07f28bc4a37c41a5a2280dda4cf1307a49bdd4d424eb102038e4a7,https://masongaffney.org/publications/I6A-1996_Taxes_Capital_and_Jobs_1978_revised.pdf,gaffney/publications/I6A-1996_Taxes_Capital_and_Jobs_1978_revised.pdf
publications/I6Taxes_Capital_and_Jobs.CV.pdf,196523,57a7ebbc6d9318513ba739362ad109ea105329041d1d46e6f0f0a838ad3ad822,https://masongaffney.org/publications/I6Taxes_Capital_and_Jobs.CV.pdf,gaffney/publications/I6Taxes_Capital_and_Jobs.CV.pdf
publications/K142_Centuries_Thought_Land_Taxation.CV.pdf,436314,91b5a45a452d0b01f0a031a4073fc44f1a60c53fb63009b5dfb936b60822f01e,https://masongaffney.org/publications/K142_Centuries_Thought_Land_Taxation.CV.pdf,gaffney/publications/K142_Centuries_Thought_Land_Taxation.CV.pdf
publications/K17-AlfredRusselWallacesCampaign.CV.pdf,93200,39c02626bda3f7d96a38e4aa64505bf61c295d6989368a77558b98fd80652f20,https://masongaffney.org/publications/K17-AlfredRusselWallacesCampaign.CV.pdf,gaffney/publications/K17-AlfredRusselWallacesCampaign.CV.pdf
publications/K18George_McGlynn_and_Leo_XIII.pdf,1687497,85e1005b2db13ce5e814994e39e16f718ec0b5b6329da700621ee56176b87f09,https://masongaffney.org/publications/K18George_McGlynn_and_Leo_XIII.pdf,gaffney/publications/K18George_McGlynn_and_Leo_XIII.pdf
publications/K1Neo-classical_Stratagem.CV.pdf,1267780,e9d5f732a6e080e4069a2a00f0718472e4478787f92f1c57147fe22e547e958d,https://masongaffney.org/publications/K1Neo-classical_Stratagem.CV.pdf,gaffney/publications/K1Neo-classical_Stratagem.CV.pdf
publications/K2008_Keeping_Land_in_Capital_Theory.pdf,952225,d37a87029c08b36d6bdd14cc3515c336a219e40f080e683f82809c1ffe625b52,https://masongaffney.org/publications/K2008_Keeping_Land_in_Capital_Theory.pdf,gaffney/publications/K2008_Keeping_Land_in_Capital_Theory.pdf
publications/K2012_Going_My_Way.pdf,139627,990bba38c952f11507df48140b8c8c706aae6d7132c0806ef4cddd2b1ad4cccc,https://masongaffney.org/publications/K2012_Going_My_Way.pdf,gaffney/publications/K2012_Going_My_Way.pdf
publications/K9-StabileHGInfluenceonJBClarkMGComments.CV.pdf,153246,45c83c9c6dfa05adf5a1fe8caafbb456d470a58e3fa3a4aef320cf5fd25e3bac,https://masongaffney.org/publications/K9-StabileHGInfluenceonJBClarkMGComments.CV.pdf,gaffney/publications/K9-StabileHGInfluenceonJBClarkMGComments.CV.pdf
publications/L2018_Gaffney-Cobb-draft-Corporate-Power-&amp;-Military-2018-07-22.pdf,236,9448f8a1159c9b14e3e1b9d8eab1a6ddf88d26e1f888a34cef430c756e4e6e1e,https://masongaffney.org/publications/L2018_Gaffney-Cobb-draft-Corporate-Power-&amp;-Military-2018-07-22.pdf,gaffney/publications/L2018_Gaffney-Cobb-draft-Corporate-Power-&amp;-Military-2018-07-22.pdf
publications/L2Rent-Seeking_and_Global_Conflict.CV.pdf,54483,25960eab32cfcbc758948825124b92392cebd89ebb973b72b808de5d82d71aa8,https://masongaffney.org/publications/L2Rent-Seeking_and_Global_Conflict.CV.pdf,gaffney/publications/L2Rent-Seeking_and_Global_Conflict.CV.pdf
publications/N3Justice_in_Distribution.CV.pdf,224848,e94859a23850ed5b3b8b60588cf663d21ddbf14561902a4076945feaed745565,https://masongaffney.org/publications/N3Justice_in_Distribution.CV.pdf,gaffney/publications/N3Justice_in_Distribution.CV.pdf
publications/O11Time_Taxes_Turnover.CV.pdf,394507,5628dfc8d89c385d4b0956f9612d1599bd2c8b018c5918599eaf667850e993a5,https://masongaffney.org/publications/O11Time_Taxes_Turnover.CV.pdf,gaffney/publications/O11Time_Taxes_Turnover.CV.pdf
publications/O11aTaxes_on_Yield_Property_Income_and_Site.CV.pdf,270140,155ae82450aab4a5ed8e4dfe5a0fd22d23585b260743598d17eb1b05e17f1a42,https://masongaffney.org/publications/O11aTaxes_on_Yield_Property_Income_and_Site.CV.pdf,gaffney/publications/O11aTaxes_on_Yield_Property_Income_and_Site.CV.pdf
publications/O12-IrrigationDistricts&amp;EconomicDevelopmentSanJoaquinValley.CV.CV.pdf,236,9448f8a1159c9b14e3e1b9d8eab1a6ddf88d26e1f888a34cef430c756e4e6e1e,https://masongaffney.org/publications/O12-IrrigationDistricts&amp;EconomicDevelopmentSanJoaquinValley.CV.CV.pdf,gaffney/publications/O12-IrrigationDistricts&amp;EconomicDevelopmentSanJoaquinValley.CV.CV.pdf
publications/O18Land_Ethics.CV.pdf,84509,539198790074460228eb662e31bd4840fc7d7c56d33b67cf6de66abe4da2afdb,https://masongaffney.org/publications/O18Land_Ethics.CV.pdf,gaffney/publications/O18Land_Ethics.CV.pdf
publications/Z1-LandasShareofWealthLACounty1971.CV.pdf,212618,a4487b6ab583f63cf5f0d91f212e7062afde92ee1790d374d7628834a542772f,https://masongaffney.org/publications/Z1-LandasShareofWealthLACounty1971.CV.pdf,gaffney/publications/Z1-LandasShareofWealthLACounty1971.CV.pdf
workpapers/1972_Benefits_of_Military_Spending.pdf,395022,b18cbf134b9c80cc7811e740138611c94bcd5456c7e70b13af53d65bf216b841,https://masongaffney.org/workpapers/1972_Benefits_of_Military_Spending.pdf,gaffney/workpapers/1972_Benefits_of_Military_Spending.pdf
workpapers/A_better_way_of_gauging_excess_burden_of_shiftable_taxes_2005.CV.pdf,71359,8c807dbc7dc69e9996abe182d7cc2a6ec532d5b90f26ef6f5019fcddd5d286c7,https://masongaffney.org/workpapers/A_better_way_of_gauging_excess_burden_of_shiftable_taxes_2005.CV.pdf,gaffney/workpapers/A_better_way_of_gauging_excess_burden_of_shiftable_taxes_2005.CV.pdf
workpapers/Capital_Gains_and_Future_of_Free_Enterprise.pdf,400229,a6902a339cb56610f11da11d7983853c3aa2764dff173eca2808332def997d55,https://masongaffney.org/workpapers/Capital_Gains_and_Future_of_Free_Enterprise.pdf,gaffney/workpapers/Capital_Gains_and_Future_of_Free_Enterprise.pdf
workpapers/Causes_of_downturn--Austro-Georgist_synthesis_1982.pdf,81525,ff54399984ed0da632282e09a17b1e21a762f24fb55880a88ea127923c7b63d9,https://masongaffney.org/workpapers/Causes_of_downturn--Austro-Georgist_synthesis_1982.pdf,gaffney/workpapers/Causes_of_downturn--Austro-Georgist_synthesis_1982.pdf
workpapers/Factitious_Locational_Obsolescence_in_Land_Booms_WP041 .pdf,12784,7a6255c43c8f9aa79422c737b364b5da978b21dc5f3ae59c3195479471582cbf,https://masongaffney.org/workpapers/Factitious_Locational_Obsolescence_in_Land_Booms_WP041%20.pdf,gaffney/workpapers/Factitious_Locational_Obsolescence_in_Land_Booms_WP041 .pdf
workpapers/How_Religious_Awakenings_Presage_Radical_Reforms.pdf,88530,fa2a519389ec1cbaf53c1da5ac418661a3969bb420a992dfb6d57c64c148e0ae,https://masongaffney.org/workpapers/How_Religious_Awakenings_Presage_Radical_Reforms.pdf,gaffney/workpapers/How_Religious_Awakenings_Presage_Radical_Reforms.pdf
workpapers/How_Rising_rents_devour_ capital_1993_WP039.pdf,14313,1ec950cd474d74ccf4bb4d2a9fe9ae1fb79d91e3ac8b691238d98b29997dff32,https://masongaffney.org/workpapers/How_Rising_rents_devour_%20capital_1993_WP039.pdf,gaffney/workpapers/How_Rising_rents_devour_ capital_1993_WP039.pdf
workpapers/How_a_Land_Boom_Destroys_Capital_10_2005.pdf,22061,96443853bd37eb825fb34e000742b3151ee9b15de787c0dfe0ff32d872d95211,https://masongaffney.org/workpapers/How_a_Land_Boom_Destroys_Capital_10_2005.pdf,gaffney/workpapers/How_a_Land_Boom_Destroys_Capital_10_2005.pdf
workpapers/How_an_interest_hike_destroys_capital_1996.pdf,49608,c548b01d943b0f1c828eada89a13d72f4380016acc2e3fa8a0758d8924ff0894,https://masongaffney.org/workpapers/How_an_interest_hike_destroys_capital_1996.pdf,gaffney/workpapers/How_an_interest_hike_destroys_capital_1996.pdf
workpapers/Land_Markets_Lead_to_Misallocating_Capital_WP042 .pdf,30953,28d6c3c09a83d9dacecad77aed826f7e6630efaed0788a940c0913fad475c831,https://masongaffney.org/workpapers/Land_Markets_Lead_to_Misallocating_Capital_WP042%20.pdf,gaffney/workpapers/Land_Markets_Lead_to_Misallocating_Capital_WP042 .pdf
workpapers/Logos_Abused.pdf,64954,07400c4dddeb7a5e9ba07c8d0910e7523e7b0a746e22a13c45f08b8cedf963ff,https://masongaffney.org/workpapers/Logos_Abused.pdf,gaffney/workpapers/Logos_Abused.pdf
workpapers/Oil_and_Gas_Leasing--a_Study_in_Pseudo-Socialism.pdf,49693,acaba21d28c2bce0868ae7f8d581c67ba428720b1d776fc5a02af9ecfc05187f,https://masongaffney.org/workpapers/Oil_and_Gas_Leasing--a_Study_in_Pseudo-Socialism.pdf,gaffney/workpapers/Oil_and_Gas_Leasing--a_Study_in_Pseudo-Socialism.pdf
workpapers/Philippines_Land_Reform_Through_Tax_Reform.pdf,269582,9f474abadc223ba0b7c65e774989cabe8efcf13207f6cf85acbfffdb9b5cf106,https://masongaffney.org/workpapers/Philippines_Land_Reform_Through_Tax_Reform.pdf,gaffney/workpapers/Philippines_Land_Reform_Through_Tax_Reform.pdf
workpapers/The_US_Canal_Boom_and_Bust_1820-42_WP01.pdf,57090,79d0433b4d4d368b55c1878b8c6b6c6bb874d55c41020f9d7b52be1034d54269,https://masongaffney.org/workpapers/The_US_Canal_Boom_and_Bust_1820-42_WP01.pdf,gaffney/workpapers/The_US_Canal_Boom_and_Bust_1820-42_WP01.pdf
workpapers/WP001 The_US_Canal_Boom_and_Bust_1820-42_WP01.pdf,57090,79d0433b4d4d368b55c1878b8c6b6c6bb874d55c41020f9d7b52be1034d54269,https://masongaffney.org/workpapers/WP001%20The_US_Canal_Boom_and_Bust_1820-42_WP01.pdf,gaffney/workpapers/WP001 The_US_Canal_Boom_and_Bust_1820-42_WP01.pdf
workpapers/WP014 Newark and the Office Building Model of Urban Renewal.pdf,105507,0163dd76aa4a90b45db0de4cf33134617b86ba786e4de830f2be714eb2945989,https://masongaffney.org/workpapers/WP014%20Newark%20and%20the%20Office%20Building%20Model%20of%20Urban%20Renewal.pdf,gaffney/workpapers/WP014 Newark and the Office Building Model of Urban Renewal.pdf
workpapers/WP018 George's Economics of Abundance.pdf,152926,3527462f2688fb6e86782f32f4d49484be3ad4e36b077337b616079687e2a9d3,https://masongaffney.org/workpapers/WP018%20George's%20Economics%20of%20Abundance.pdf,gaffney/workpapers/WP018 George's Economics of Abundance.pdf
workpapers/WP019 George &amp; Danger of Favoring Capital Over Labor.pdf,236,9448f8a1159c9b14e3e1b9d8eab1a6ddf88d26e1f888a34cef430c756e4e6e1e,https://masongaffney.org/workpapers/WP019%20George%20&amp;%20Danger%20of%20Favoring%20Capital%20Over%20Labor.pdf,gaffney/workpapers/WP019 George &amp; Danger of Favoring Capital Over Labor.pdf
workpapers/WP020 Economic Development as a Response to Stress.pdf,242355,263e17e0536a98a13fd0e1fb0aed3a4677815a489ba7fdda1363e3b8166dc451,https://masongaffney.org/workpapers/WP020%20Economic%20Development%20as%20a%20Response%20to%20Stress.pdf,gaffney/workpapers/WP020 Economic Development as a Response to Stress.pdf
workpapers/WP024 Macroeconomics as a field of study.pdf,145853,f95d1ab9736a8a7221b6ad30009599373c5c97cf2a24e47e3391771392d7788e,https://masongaffney.org/workpapers/WP024%20Macroeconomics%20as%20a%20field%20of%20study.pdf,gaffney/workpapers/WP024 Macroeconomics as a field of study.pdf
workpapers/WP025 Labor Productivity and Farm Intensity.pdf,31138,966683adaf12e361bed56902c7e0129f48e03e5bec98fc20b0743213982b58e6,https://masongaffney.org/workpapers/WP025%20Labor%20Productivity%20and%20Farm%20Intensity.pdf,gaffney/workpapers/WP025 Labor Productivity and Farm Intensity.pdf
workpapers/WP028 Making jobs by changing factor proportions.pdf,136227,018f3aa3b8768c2be21926cd4bed7d166ed90795ab2f441cb52c34cb644f7e6a,https://masongaffney.org/workpapers/WP028%20Making%20jobs%20by%20changing%20factor%20proportions.pdf,gaffney/workpapers/WP028 Making jobs by changing factor proportions.pdf
workpapers/WP032 Capital-intensity of warfare.pdf,130774,c90768dab24bd9ce34090c91f0a697796d9fdccfdec107a176aba81f1d5e7bff,https://masongaffney.org/workpapers/WP032%20Capital-intensity%20of%20warfare.pdf,gaffney/workpapers/WP032 Capital-intensity of warfare.pdf
workpapers/WP038 George and Mill on Labor-Saving vs. Land-Saving Technology.pdf,92495,f899ec190c693229adb64506ad61c2cc2b5378ad99e5465513cf2da7802bb82d,https://masongaffney.org/workpapers/WP038%20George%20and%20Mill%20on%20Labor-Saving%20vs.%20Land-Saving%20Technology.pdf,gaffney/workpapers/WP038 George and Mill on Labor-Saving vs. Land-Saving Technology.pdf
workpapers/WP039 How_Rising_rents_devour_ capital_1993_WP039.pdf,14313,1ec950cd474d74ccf4bb4d2a9fe9ae1fb79d91e3ac8b691238d98b29997dff32,https://masongaffney.org/workpapers/WP039%20How_Rising_rents_devour_%20capital_1993_WP039.pdf,gaffney/workpapers/WP039 How_Rising_rents_devour_ capital_1993_WP039.pdf
workpapers/WP040 Chicago boom and bust - A cycle of capital waste.pdf,161670,e38d8f4f5413f1f770c8e80871b0c7acc008173b9aace9e7ad2eea191c0670b9,https://masongaffney.org/workpapers/WP040%20Chicago%20boom%20and%20bust%20-%20A%20cycle%20of%20capital%20waste.pdf,gaffney/workpapers/WP040 Chicago boom and bust - A cycle of capital waste.pdf
workpapers/WP041 Factitious_Locational_Obsolescence_in_Land_Booms_WP041 .pdf,12784,7a6255c43c8f9aa79422c737b364b5da978b21dc5f3ae59c3195479471582cbf,https://masongaffney.org/workpapers/WP041%20Factitious_Locational_Obsolescence_in_Land_Booms_WP041%20.pdf,gaffney/workpapers/WP041 Factitious_Locational_Obsolescence_in_Land_Booms_WP041 .pdf
workpapers/WP042 Land_Markets_Lead_to_Misallocating_Capital_WP042 .pdf,30953,28d6c3c09a83d9dacecad77aed826f7e6630efaed0788a940c0913fad475c831,https://masongaffney.org/workpapers/WP042%20Land_Markets_Lead_to_Misallocating_Capital_WP042%20.pdf,gaffney/workpapers/WP042 Land_Markets_Lead_to_Misallocating_Capital_WP042 .pdf
workpapers/WP043 Tax Policy and Capital Formation.pdf,272770,ad26e74e8476e222da18b978b7a1b343410b4a6c6690ed1e7650a0ffbbbab6d8,https://masongaffney.org/workpapers/WP043%20Tax%20Policy%20and%20Capital%20Formation.pdf,gaffney/workpapers/WP043 Tax Policy and Capital Formation.pdf
workpapers/WP044 Farm Labor Productivity Tradeoff with Water Use.pdf,33102,d440f4b3bb8b4155db76dba1221e0426b5a99e24fa7c81cf72af0182efc470d3,https://masongaffney.org/workpapers/WP044%20Farm%20Labor%20Productivity%20Tradeoff%20with%20Water%20Use.pdf,gaffney/workpapers/WP044 Farm Labor Productivity Tradeoff with Water Use.pdf
workpapers/WP045 Critique of Thorstein Veblen Victorian Firebrand by Jorgensens.pdf,126977,33bb06e0e7ee807eebb56f3ab2949ab9ada479353afd5effba5b08249adb22e5,https://masongaffney.org/workpapers/WP045%20Critique%20of%20Thorstein%20Veblen%20Victorian%20Firebrand%20by%20Jorgensens.pdf,gaffney/workpapers/WP045 Critique of Thorstein Veblen Victorian Firebrand by Jorgensens.pdf
workpapers/WP046 Measure C and Riverside Property Values.pdf,84915,07a6bf176b34f6fbd77e626f7030ca71ef60b7dcbe28785277bbc15b622b25f7,https://masongaffney.org/workpapers/WP046%20Measure%20C%20and%20Riverside%20Property%20Values.pdf,gaffney/workpapers/WP046 Measure C and Riverside Property Values.pdf
"workpapers/WP048 Peace Dividends, Land Bubbles and Economic Disasters in U.S. History.pdf",94177,223bd31936a13b6dbbf62fc63a291eb2d5f13c57492af37785f59c5ad09d210e,"https://masongaffney.org/workpapers/WP048%20Peace%20Dividends,%20Land%20Bubbles%20and%20Economic%20Disasters%20in%20U.S.%20History.pdf","gaffney/workpapers/WP048 Peace Dividends, Land Bubbles and Economic Disasters in U.S. History.pdf"
workpapers/WP049 Peace Dividends and Land Booms in World History.pdf,132140,92ff62eae9269845eb6f2b5b37ebaf422ac3454c2accba261c6ff0eeb686a93a,https://masongaffney.org/workpapers/WP049%20Peace%20Dividends%20and%20Land%20Booms%20in%20World%20History.pdf,gaffney/workpapers/WP049 Peace Dividends and Land Booms in World History.pdf
workpapers/WP050  Water as Yield-cutting Substitute.pdf,66066,4ed871fcb4fbfea421f34055625bf2713a2420008a4fc6af68a0ca9591df5972,https://masongaffney.org/workpapers/WP050%20%20Water%20as%20Yield-cutting%20Substitute.pdf,gaffney/workpapers/WP050  Water as Yield-cutting Substitute.pdf
workpapers/WP051 Who Owns Southern California.pdf,180738,eec63a376c7961a90bde09424568c9f20b279c16143453634ca6c7222f1a10be,https://masongaffney.org/workpapers/WP051%20Who%20Owns%20Southern%20California.pdf,gaffney/workpapers/WP051 Who Owns Southern California.pdf
workpapers/WP053 Alaska's proposed tax on oil reserves in situ 1981.pdf,122813,8bf390d6c51315218726f15e4edc3078e3b7ae106be658b1a28bc90a50127723,https://masongaffney.org/workpapers/WP053%20Alaska's%20proposed%20tax%20on%20oil%20reserves%20in%20situ%201981.pdf,gaffney/workpapers/WP053 Alaska's proposed tax on oil reserves in situ 1981.pdf
workpapers/WP054 Oil_and_Gas_Leasing--a_Study_in_Pseudo-Socialism.pdf,49693,acaba21d28c2bce0868ae7f8d581c67ba428720b1d776fc5a02af9ecfc05187f,https://masongaffney.org/workpapers/WP054%20Oil_and_Gas_Leasing--a_Study_in_Pseudo-Socialism.pdf,gaffney/workpapers/WP054 Oil_and_Gas_Leasing--a_Study_in_Pseudo-Socialism.pdf
"workpapers/WP055 Rent, Taxation, Dissipation and Federalism.pdf",56033,d71b91a0f7bd9977361ef4d20c6b6be3c2b24b8f833173dd4fbb355ea8172aa7,"https://masongaffney.org/workpapers/WP055%20Rent,%20Taxation,%20Dissipation%20and%20Federalism.pdf","gaffney/workpapers/WP055 Rent, Taxation, Dissipation and Federalism.pdf"
workpapers/WP056 Full employment thru total tax reform.pdf,169179,9c02bfc43eb72035123af30b49c49dba93e883a29fa930dec9434cf0d5c2553c,https://masongaffney.org/workpapers/WP056%20Full%20employment%20thru%20total%20tax%20reform.pdf,gaffney/workpapers/WP056 Full employment thru total tax reform.pdf
workpapers/WP057 Economics in support of environmentalism.pdf,155142,04509735f73dfdcfcc294da42824746f6d27197c0ff06eea3047aae88f3c6158,https://masongaffney.org/workpapers/WP057%20Economics%20in%20support%20of%20environmentalism.pdf,gaffney/workpapers/WP057 Economics in support of environmentalism.pdf
workpapers/WP057 F3-EconomicsinSupportofEnvironmentalism.htm,41483,eca8652d166689053665ad51c09fed059d4789c680e48ca6b45851ad0f80ff8e,https://masongaffney.org/workpapers/WP057%20F3-EconomicsinSupportofEnvironmentalism.htm,gaffney/workpapers/WP057 F3-EconomicsinSupportofEnvironmentalism.htm
workpapers/WP058 Conservation in a World of Private Property Extremists.pdf,177742,9576dd03c79874893498d6ae644089cb5dd1ef4cce71f8160bb50e8e3272330b,https://masongaffney.org/workpapers/WP058%20Conservation%20in%20a%20World%20of%20Private%20Property%20Extremists.pdf,gaffney/workpapers/WP058 Conservation in a World of Private Property Extremists.pdf
workpapers/WP061 Token_Timber_Taxation_Mendocino_County_2000.pdf,29297,d1cb6645bfffc53e0eee17f066318c2987b50424e79db11b381bb68595b2a42f,https://masongaffney.org/workpapers/WP061%20Token_Timber_Taxation_Mendocino_County_2000.pdf,gaffney/workpapers/WP061 Token_Timber_Taxation_Mendocino_County_2000.pdf
workpapers/WP062 Observed Behavior vs A Priori Dogmatism in Land Markets.pdf,79569,2073484acc5c4c6219e877efd0ad0f7b7eda2ee68ffc8e88abf1dec19c5cb68f,https://masongaffney.org/workpapers/WP062%20Observed%20Behavior%20vs%20A%20Priori%20Dogmatism%20in%20Land%20Markets.pdf,gaffney/workpapers/WP062 Observed Behavior vs A Priori Dogmatism in Land Markets.pdf
workpapers/WP067 A_better_way_of_gauging_excess_burden_of_shiftable_taxes_2005.CV.pdf,71359,8c807dbc7dc69e9996abe182d7cc2a6ec532d5b90f26ef6f5019fcddd5d286c7,https://masongaffney.org/workpapers/WP067%20A_better_way_of_gauging_excess_burden_of_shiftable_taxes_2005.CV.pdf,gaffney/workpapers/WP067 A_better_way_of_gauging_excess_burden_of_shiftable_taxes_2005.CV.pdf
workpapers/WP068 Raising output by removing tax bias.pdf,75068,e5c4eb6153eae959a66766b002333f6d438edd730dd19fe4b392a34c5b87a8b8,https://masongaffney.org/workpapers/WP068%20Raising%20output%20by%20removing%20tax%20bias.pdf,gaffney/workpapers/WP068 Raising output by removing tax bias.pdf
workpapers/WP070 Unearned Income as a Barrier to Free Enterprise.pdf,98699,285777c4b352960a17b88fc1eea592c489f5cd7cf5b9ba4599f9822e3682734a,https://masongaffney.org/workpapers/WP070%20Unearned%20Income%20as%20a%20Barrier%20to%20Free%20Enterprise.pdf,gaffney/workpapers/WP070 Unearned Income as a Barrier to Free Enterprise.pdf
workpapers/WP071 Prop 13 and the Decline of California.pdf,105546,402ccfeaed29ca205b58decb31000924abb27566f458c012535c54b0a60dd8f5,https://masongaffney.org/workpapers/WP071%20Prop%2013%20and%20the%20Decline%20of%20California.pdf,gaffney/workpapers/WP071 Prop 13 and the Decline of California.pdf
workpapers/WP072 When California had a Magnetic Tax System.pdf,102256,98628f5c186a183690e40ef475d607ca87a035de0e7844c04806d1b3a2763465,https://masongaffney.org/workpapers/WP072%20When%20California%20had%20a%20Magnetic%20Tax%20System.pdf,gaffney/workpapers/WP072 When California had a Magnetic Tax System.pdf
workpapers/WP073 Property Tax Reform in Big Picture.pdf,229500,13e2c335e0dd2e8a8276b89bddc87614e660877ecc42add86068057385d2137b,https://masongaffney.org/workpapers/WP073%20Property%20Tax%20Reform%20in%20Big%20Picture.pdf,gaffney/workpapers/WP073 Property Tax Reform in Big Picture.pdf
workpapers/WP074 Californias Balkanized Tax Base.pdf,75857,b011a6015131d22ed1232bb1d1285f414b5e5829c87ba62fa817d91670154b11,https://masongaffney.org/workpapers/WP074%20Californias%20Balkanized%20Tax%20Base.pdf,gaffney/workpapers/WP074 Californias Balkanized Tax Base.pdf
"workpapers/WP076 South African Diary, March 17-30, 1992.pdf",156162,28696b3edcb7e1c55cd13a4ff65909157980dfe57538fcc068998699466c81d7,"https://masongaffney.org/workpapers/WP076%20South%20African%20Diary,%20March%2017-30,%201992.pdf","gaffney/workpapers/WP076 South African Diary, March 17-30, 1992.pdf"
workpapers/WP077 Enterprising Johannesburg and Sleepy Cape Town-A Contrast.pdf,88647,a254b793f214ec05d4ba48ee369c51229bb5dd61b27b19179bee9c59ddc5feb7,https://masongaffney.org/workpapers/WP077%20Enterprising%20Johannesburg%20and%20Sleepy%20Cape%20Town-A%20Contrast.pdf,gaffney/workpapers/WP077 Enterprising Johannesburg and Sleepy Cape Town-A Contrast.pdf
workpapers/WP078 Critique of South African Katz Commision (sic) Reports.pdf,123975,459856fa24a92440f995bc2ff11d3b2f551730bff44f3a6717074ee17ba8a298,https://masongaffney.org/workpapers/WP078%20Critique%20of%20South%20African%20Katz%20Commision%20(sic)%20Reports.pdf,gaffney/workpapers/WP078 Critique of South African Katz Commision (sic) Reports.pdf
workpapers/WP079 Privatization without giveaway-capitalism without kleptocracy.pdf,211483,9046f28214f226da290d5c155c76c1e75c6cdf42e92a263a3c6d4dfc0147d928,https://masongaffney.org/workpapers/WP079%20Privatization%20without%20giveaway-capitalism%20without%20kleptocracy.pdf,gaffney/workpapers/WP079 Privatization without giveaway-capitalism without kleptocracy.pdf
workpapers/WP080 Taxable Surplus in Russian Land.pdf,189852,0c8e76063ce34945eb246bf5fdf3cb2ce4f3d07229065938bb59a261ec1ce96f,https://masongaffney.org/workpapers/WP080%20Taxable%20Surplus%20in%20Russian%20Land.pdf,gaffney/workpapers/WP080 Taxable Surplus in Russian Land.pdf
workpapers/WP083 Russian Land rent in a tax-free economy.pdf,106393,0f750bdf470bfe72bc9ae4932f39f775cf33691f502b3c3d5a8ebe82290abc8d,https://masongaffney.org/workpapers/WP083%20Russian%20Land%20rent%20in%20a%20tax-free%20economy.pdf,gaffney/workpapers/WP083 Russian Land rent in a tax-free economy.pdf
workpapers/WP084 Salestax Suicides Through History.pdf,126272,ac7bacc35f97d0d739c07d61d08af4fc25b69f952adb7b9f0cde641abf5b8ea0,https://masongaffney.org/workpapers/WP084%20Salestax%20Suicides%20Through%20History.pdf,gaffney/workpapers/WP084 Salestax Suicides Through History.pdf
workpapers/WP085 California Sales Tax Revenues by City and Type of Sales.pdf,164057,ba092b0bffd4c3ca8a467a216f53decfae43525acabc86230d63874f3d3ad0ae,https://masongaffney.org/workpapers/WP085%20California%20Sales%20Tax%20Revenues%20by%20City%20and%20Type%20of%20Sales.pdf,gaffney/workpapers/WP085 California Sales Tax Revenues by City and Type of Sales.pdf
"workpapers/WP086 Sales Tax Revenues vs Taxable Property Values, California Counties, 1993-1994.pdf",75578,15090c43b56720679ba8e48dc0b50010e16c844dec23ecdd36ac3fe01bf670aa,"https://masongaffney.org/workpapers/WP086%20Sales%20Tax%20Revenues%20vs%20Taxable%20Property%20Values,%20California%20Counties,%201993-1994.pdf","gaffney/workpapers/WP086 Sales Tax Revenues vs Taxable Property Values, California Counties, 1993-1994.pdf"
workpapers/WP087 Salestax Leakages-Why Yield Less than Income Tax.pdf,103143,0500ef7b0c053b31d63836f83dbcd09962ea001ace32a3590c1ff3b1989f50c8,https://masongaffney.org/workpapers/WP087%20Salestax%20Leakages-Why%20Yield%20Less%20than%20Income%20Tax.pdf,gaffney/workpapers/WP087 Salestax Leakages-Why Yield Less than Income Tax.pdf
"workpapers/WP088 Replacing California Sales Tax with Property Tax, Regional Impacts.pdf",91328,455d7714346ca1595b7cb86a1cf9f2bfc5a478ea120705ba7a3798df8a55f925,"https://masongaffney.org/workpapers/WP088%20Replacing%20California%20Sales%20Tax%20with%20Property%20Tax,%20Regional%20Impacts.pdf","gaffney/workpapers/WP088 Replacing California Sales Tax with Property Tax, Regional Impacts.pdf"
workpapers/WP089 Cleveland's Explosive Growth under Mayors Tom Johnson and Newton Baker.pdf,71434,7f032a6aa3b41c82d18095416f4b1e6a37ecf4dea7efc258dff6692630200895,https://masongaffney.org/workpapers/WP089%20Cleveland's%20Explosive%20Growth%20under%20Mayors%20Tom%20Johnson%20and%20Newton%20Baker.pdf,gaffney/workpapers/WP089 Cleveland's Explosive Growth under Mayors Tom Johnson and Newton Baker.pdf
workpapers/WP091Chicago's growth spurt 1890-1900.pdf,135919,c9cb33918fc8df56256fea595f35b47869fd364d011376f854059cb45972a39c,https://masongaffney.org/workpapers/WP091Chicago's%20growth%20spurt%201890-1900.pdf,gaffney/workpapers/WP091Chicago's growth spurt 1890-1900.pdf
workpapers/WP095 2005 Temporal excess burden of Taxes on Buildings.pdf,107203,eda2776d97ba8e83fe5d67e0928617ea58decce7740432869d33ebf86891a277,https://masongaffney.org/workpapers/WP095%202005%20Temporal%20excess%20burden%20of%20Taxes%20on%20Buildings.pdf,gaffney/workpapers/WP095 2005 Temporal excess burden of Taxes on Buildings.pdf
workpapers/WP096 2005 The Physiocratic Concept of ATCOR.pdf,111370,a66d2d775726d7f946524ecd198b18e305b13e83bf5add59dda2215b11ea5cc1,https://masongaffney.org/workpapers/WP096%202005%20The%20Physiocratic%20Concept%20of%20ATCOR.pdf,gaffney/workpapers/WP096 2005 The Physiocratic Concept of ATCOR.pdf
workpapers/WP097 2004 Unknown revenue potential of land 15 hidden elements.pdf,203228,2c0387b125bf2f25731a2d274f9e132ab61ed246b2192a34ce7d1586f79e1ce2,https://masongaffney.org/workpapers/WP097%202004%20Unknown%20revenue%20potential%20of%20land%2015%20hidden%20elements.pdf,gaffney/workpapers/WP097 2004 Unknown revenue potential of land 15 hidden elements.pdf
workpapers/WP098 The Value of Land Seminar 2002.pdf,134786,a383dd99c9c2183e9ab19fde1f77c9176bd45d17540893d1829244d6d826a778,https://masongaffney.org/workpapers/WP098%20The%20Value%20of%20Land%20Seminar%202002.pdf,gaffney/workpapers/WP098 The Value of Land Seminar 2002.pdf
workpapers/WP099 2004 Housing and Income seminar January revision.pdf,92833,ec171a428ee260b3fcc03a625abe0e76cce23c228654922f69576ac3b9ee4f4d,https://masongaffney.org/workpapers/WP099%202004%20Housing%20and%20Income%20seminar%20January%20revision.pdf,gaffney/workpapers/WP099 2004 Housing and Income seminar January revision.pdf
workpapers/WP100 1999 OECD versus Harmful Tax Competition.pdf,115041,3109115e05012aa8811778674c714e9f3a56c105257b64abf2293adc4e94605b,https://masongaffney.org/workpapers/WP100%201999%20OECD%20versus%20Harmful%20Tax%20Competition.pdf,gaffney/workpapers/WP100 1999 OECD versus Harmful Tax Competition.pdf
"workpapers/WP101 1994 Land booms, Capital Stretch-out and Banking Collapse.pdf",155140,1a104bdda69aa8e9d80b9ed0e387357f538f752de972b5dda4d2946cfe64ba28,"https://masongaffney.org/workpapers/WP101%201994%20Land%20booms,%20Capital%20Stretch-out%20and%20Banking%20Collapse.pdf","gaffney/workpapers/WP101 1994 Land booms, Capital Stretch-out and Banking Collapse.pdf"
workpapers/WP105 Why Should We Care About Land Value and Why Now.pdf,166135,e313ecb4ad99ddbbabbc9513a49ebe78e277416fcc4b13dd7f5d595092e299bd,https://masongaffney.org/workpapers/WP105%20Why%20Should%20We%20Care%20About%20Land%20Value%20and%20Why%20Now.pdf,gaffney/workpapers/WP105 Why Should We Care About Land Value and Why Now.pdf
essays/2006_Severance_Tax_on_California_Oil.pdf,58262,a8e749eb98af18ff3eaa7ec683a4077ec0a137c43ba1f6b2183ca65349d2ef03,https://masongaffney.org/essays/2006_Severance_Tax_on_California_Oil.pdf,gaffney/essays/2006_Severance_Tax_on_California_Oil.pdf
essays/Americas_Low_Savings_Rate_8-9_2005.pdf,36825,63085fcda007debeea10d7b635e8891eb03f5393252ce01e28e96fa95809c299,https://masongaffney.org/essays/Americas_Low_Savings_Rate_8-9_2005.pdf,gaffney/essays/Americas_Low_Savings_Rate_8-9_2005.pdf
essays/Answer_to_Futilitarians_1998.pdf,24588,81f9169707804a977a0ef50503c305d3f07997d156fcae9604781e5074ae7ae2,https://masongaffney.org/essays/Answer_to_Futilitarians_1998.pdf,gaffney/essays/Answer_to_Futilitarians_1998.pdf
essays/Corporations_Democracy_and_the_US_Supreme_Court.pdf,59988,1519cd4f8578bdf92aa15461d5dcf13386c21d9c72e52d1c084f04e7bcc1a2ec,https://masongaffney.org/essays/Corporations_Democracy_and_the_US_Supreme_Court.pdf,gaffney/essays/Corporations_Democracy_and_the_US_Supreme_Court.pdf
essays/Denying_Inflation--Who_Why_and_How_12_2005.pdf,42149,66abb70796f3937651db3c7c4e8a36b78378e330a0bc9bf494eedd1e577dd5b4,https://masongaffney.org/essays/Denying_Inflation--Who_Why_and_How_12_2005.pdf,gaffney/essays/Denying_Inflation--Who_Why_and_How_12_2005.pdf
essays/Empty_Spaces_final_3-29.pdf,36229,a807c845357237084f0ae440ba0481925dc87722474006b94c5aeb110b0ee6bf,https://masongaffney.org/essays/Empty_Spaces_final_3-29.pdf,gaffney/essays/Empty_Spaces_final_3-29.pdf
essays/Europes_Fatal_Affair_with_VAT_071713a.pdf,483442,8ae1cc15a53e3382ba08f912d80886022cf19ab531e16069b4a01c6a1989f9d0,https://masongaffney.org/essays/Europes_Fatal_Affair_with_VAT_071713a.pdf,gaffney/essays/Europes_Fatal_Affair_with_VAT_071713a.pdf
essays/Europes_Fatal_Affair_with_VAT_Harrison_2016.pdf,1102093,24666def9905f9cc991f435592cceb576934c3354b9c8e65b7e5358df620d787,https://masongaffney.org/essays/Europes_Fatal_Affair_with_VAT_Harrison_2016.pdf,gaffney/essays/Europes_Fatal_Affair_with_VAT_Harrison_2016.pdf
essays/Four_vampires_of_capital.pdf,43602,4c1de08eb318b7f160014279deed77281924f754c8c747dacdf9247a54adba2c,https://masongaffney.org/essays/Four_vampires_of_capital.pdf,gaffney/essays/Four_vampires_of_capital.pdf
essays/Full_employment_thru_total_tax_reform_1993.pdf,169313,0fce1f6bee5ac5eb926bf9d8c490e93d5d4f382f8ee84b62712187098fa5a288,https://masongaffney.org/essays/Full_employment_thru_total_tax_reform_1993.pdf,gaffney/essays/Full_employment_thru_total_tax_reform_1993.pdf
essays/GAffney_interview_in_Canada_Sun_Life_Financial.pdf,61793,5af1feac907641a2261644c0b30c41302b2f0c40e97c57e0973c70c8dd8ce249,https://masongaffney.org/essays/GAffney_interview_in_Canada_Sun_Life_Financial.pdf,gaffney/essays/GAffney_interview_in_Canada_Sun_Life_Financial.pdf
essays/Georges_Economics_of_Abundance.pdf,66260,f6e3997a8728ca8daa62847f6c45f883cb8636e60d9afdc54195afcce42d85cd,https://masongaffney.org/essays/Georges_Economics_of_Abundance.pdf,gaffney/essays/Georges_Economics_of_Abundance.pdf
essays/Great_Crash_of_2008.pdf,94026,f10191a1e32e107e03181aed6d7cb13c95cc9a69d7245936fee501b72b787894,https://masongaffney.org/essays/Great_Crash_of_2008.pdf,gaffney/essays/Great_Crash_of_2008.pdf
essays/Great_Expectations.pdf,196220,2dc718cc7c232c90a3a96582879b98ba87c5b243eeaa4284b15e15c2afa752a3,https://masongaffney.org/essays/Great_Expectations.pdf,gaffney/essays/Great_Expectations.pdf
essays/Henry_George_100_Years_Later.pdf,22255,94a42ebab96b2f783d4ef3aecadd409a32fdccf6e3219544f5956301d9f86c83,https://masongaffney.org/essays/Henry_George_100_Years_Later.pdf,gaffney/essays/Henry_George_100_Years_Later.pdf
essays/How_to_Thaw_Credit.pdf,91519,eddeeedabf2ff2de38b97a1fe5f5cd2d9e92b2992e49831dcbedd90cd0390b35,https://masongaffney.org/essays/How_to_Thaw_Credit.pdf,gaffney/essays/How_to_Thaw_Credit.pdf
essays/I-920-OpEd.pdf,15104,cda95413281b148147fe0ba82177fb57203270f072d4bb50751d74d73293250f,https://masongaffney.org/essays/I-920-OpEd.pdf,gaffney/essays/I-920-OpEd.pdf
essays/I_bozze_Book_Review_of_Stabile_The_Living_Wage_2010.pdf,179481,5896c935e9b5978fd024fb5ce55ddf53913e5c22f7ef9591408c165c4c0770ac,https://masongaffney.org/essays/I_bozze_Book_Review_of_Stabile_The_Living_Wage_2010.pdf,gaffney/essays/I_bozze_Book_Review_of_Stabile_The_Living_Wage_2010.pdf
essays/NewCommonsDiscussion-1.pdf,13753,67c05df9053b0ad5a5b5c05da443ea07bcc8b713dd67b497d30220c04d109753,https://masongaffney.org/essays/NewCommonsDiscussion-1.pdf,gaffney/essays/NewCommonsDiscussion-1.pdf
essays/Repopulating_New_Orleans_dollarsandsense.pdf,87813,f8e4fc9db5a4fe1357636ca2688e495712f768e212c10837c5024c91dd388be9,https://masongaffney.org/essays/Repopulating_New_Orleans_dollarsandsense.pdf,gaffney/essays/Repopulating_New_Orleans_dollarsandsense.pdf
essays/Sales_Tax_Bias_Against_Turnover.pdf,303612,77042afba24af1affec29b2d97d7b116e5229de9ed0e6a04982abcc00f6d8247,https://masongaffney.org/essays/Sales_Tax_Bias_Against_Turnover.pdf,gaffney/essays/Sales_Tax_Bias_Against_Turnover.pdf
essays/Shrinking_Dollar_for_Insights_Dec_07.pdf,28776,4ab6db8680ac0a46768e282f7f3f1dadfa9d61ff81f1206b44bd2a46d546d442,https://masongaffney.org/essays/Shrinking_Dollar_for_Insights_Dec_07.pdf,gaffney/essays/Shrinking_Dollar_for_Insights_Dec_07.pdf
essays/Sleeping_with_the_Enemy.pdf,293958,f04390d3e24b9b0b084d255d361241fdc5b4399117f4ccb43098020bd2a9c41b,https://masongaffney.org/essays/Sleeping_with_the_Enemy.pdf,gaffney/essays/Sleeping_with_the_Enemy.pdf
essays/Stimulus--the_False_and_the_True_2008.pdf,68395,7aa208dc5d078ced160316f8968fe5fdbadd90ac5cc31f926e17ebccf7a0f6af,https://masongaffney.org/essays/Stimulus--the_False_and_the_True_2008.pdf,gaffney/essays/Stimulus--the_False_and_the_True_2008.pdf
essays/Tax_Reforms_to_Promote_Saving_Would_Backfire_6_2005.pdf,23119,bf9c9099831078a252187b1faf75d20faf4ba9240cdd6695814688f4eeba8ed3,https://masongaffney.org/essays/Tax_Reforms_to_Promote_Saving_Would_Backfire_6_2005.pdf,gaffney/essays/Tax_Reforms_to_Promote_Saving_Would_Backfire_6_2005.pdf
essays/The_Danger_of_Favoring_Capital_Over_Labor_Spring_2004.pdf,25715,0d3f3a8235f20869aad6446e91433b7359cab4d903ed7d1980af51038381ef79,https://masongaffney.org/essays/The_Danger_of_Favoring_Capital_Over_Labor_Spring_2004.pdf,gaffney/essays/The_Danger_of_Favoring_Capital_Over_Labor_Spring_2004.pdf
essays/The_Red_and_the_Blue_04-12.pdf,84560,2a60d8831c27d3d3b0efd226217dd3a74e6f871ff26fd8b93655c5ef5191611e,https://masongaffney.org/essays/The_Red_and_the_Blue_04-12.pdf,gaffney/essays/The_Red_and_the_Blue_04-12.pdf
essays/The_Sales_Tax--History_of_a_Dumb_Idea_3_2005.pdf,32212,72aa0aaa21fe811ce9effbec4b6c62a1d8a8d9843d358d5d817b415aba46e7f0,https://masongaffney.org/essays/The_Sales_Tax--History_of_a_Dumb_Idea_3_2005.pdf,gaffney/essays/The_Sales_Tax--History_of_a_Dumb_Idea_3_2005.pdf
essays/What_Is_Consumption_10_2005.pdf,23879,8f655245c98445435e5b34aaec174d5853a133367afac0c4ebfc952ab661b828,https://masongaffney.org/essays/What_Is_Consumption_10_2005.pdf,gaffney/essays/What_Is_Consumption_10_2005.pdf
essays/Whats_the_Matter_with_Michigan.pdf,362892,9a2af411795dc33fd35853bc114a5458c62fb550e3c08bee8e88f9f657bb2bc1,https://masongaffney.org/essays/Whats_the_Matter_with_Michigan.pdf,gaffney/essays/Whats_the_Matter_with_Michigan.pdf
index.html,13839,ef68c26fdcbe4d7bb6e0830661658b98c51d35e1cf6886c033cc25e8a0a189ee,https://masongaffney.org/index.html,gaffney/index.html
tributes.html,26301,454761c7be62036a36c031cf9a36b75006a06b822bacce7d9616a7305d0bf805,https://masongaffney.org/tributes.html,gaffney/tributes.html
style.css,3617,0e5d52da154348736ef5e2cb3b9e66d8acd52007f7cd897272e9d6d7a8497976,https://masongaffney.org/style.css,gaffney/style.css
